{
	"smallInitialSize": 15000,
	"smallTestsPerYear": 3000,
	"mediumInitialSize": 150000,
	"mediumTestsPerYear": 30000,
	"largeInitialSize": 1000000,
	"largeTestsPerYear": 450000,
	"p0": 0,
    	"p1_PM3": 0,
    	"p2_PM6": 0.007,
    	"p3_BS2": 0,
    	"p4_BP2": 0.001,
    	"p5_BP5": 0.0001,
    	"p6_PP1": 0.2,
    	"p7_PS2": 0.003,
    	"p8_BS4": 0.0001,
    	"b0": 0,
    	"b1_PM3": 0,
    	"b2_PM6": 0.007,
    	"b3_BS2": 0,
    	"b4_BP2": 0.008,
    	"b5_BP5": 0.07,
    	"b6_PP1": 0.01,
    	"b7_PS2": 0.003,
    	"b8_BS4": 0.1,
    	"PS": 18.7,
    	"PM": 4.3,
    	"PP": 2.08,
    	"BS": 0.053475935828877004,
    	"BP": 0.4807692307692307,
    	"PSF": 2
}
